<core:FragmentDefinition xmlns="sap.m" xmlns:core="sap.ui.core" xmlns:l="sap.ui.layout">
	<Dialog title="User Comments" contentWidth="500px" contentHeight="600px" class="Bar5 sapUiSizeCompact" draggable='true' resizable='true'>
		<content>
			<Label text="Write Comment" class="sapUiSmallMarginTop sapUiTinyMarginBottom"/>
			<FeedInput id="hfc_comment" showIcon="false"/>
			<l:VerticalLayout class="sapUiContentPadding" width="100%">
				<l:content>
					<Label text="HFC Comments" class="sapUiSmallMarginTop sapUiTinyMarginBottom"/>
					<List class="sapContrast sapContrastPlus" items='{hfc_comment>/hfc_comments/0}'>
						<FeedListItem sender="{hfc_comment>CommentVorna} {hfc_comment>CommentNachn}" iconDensityAware="false" info="{Type}"
							timestamp="{path:'hfc_comment>CommentDateTime',formatter:'.formatter.timestamp'}"
							text="{hfc_comment>Comments}" showIcon='false'>
							<!--<FeedListItemAction text="{Text}" icon="{Icon}" key="{Key}" press="onActionPressed"/>-->
						</FeedListItem>
					</List>
				</l:content>
			</l:VerticalLayout>
		</content>
		<beginButton>
			<Button id="save_codeline_cmnt_button" text="Save" type="Accept" press="save_comment_for_an_hfc"/>
		</beginButton>
		<endButton>
			<Button text="Close" type="Reject" press="close_codeline_comment_hfc"/>
		</endButton>
	</Dialog>
</core:FragmentDefinition>