{
	"welcomeFile": "index.html",
	"routes": [{
		"path": "/sap/opu/odata",
		"target": {
			"type": "destination",
			"name": "PQP",
			"entryPath": "/sap/opu/odata"
		},
		"description": "PQP"
	}, {
		"path": "/sap/bc/ui5_ui5",
		"target": {
			"type": "destination",
			"name": "PQP",
			"entryPath": "/sap/bc/ui5_ui5"
		},
		"description": "PQP"
	}, {
		"path": "resources",
		"target": {
			"type": "service",
			"name": "sapui5",
			"entryPath": "/resources"
		},
		"description": "SAPUI5 Resources"
	}, {
		"path": "test-resources",
		"target": {
			"type": "service",
			"name": "sapui5",
			"entryPath": "/test-resources"
		},
		"description": "SAPUI5 Test Resources"
	}, {
		"path": "/sap/bc/devdb/",
		"target": {
			"type": "destination",
			"name": "BCP"
		},
		"description": "BCP Incident"
	}]
}